store,sido,gungu,address,phone
서울신도림점,서울,구로구,"서울 구로구 경인로67길 23 (신도림동, 신도림2차푸르지오) 1층 109호, 110호 (신도림동, 신도림2차 푸르지오)",02-2633-7732
서울대학로점,서울,종로구,서울 종로구 창경궁로 247 (명륜2가) 1층,02-745-6060
서울상도점,서울,동작구,서울 동작구 상도로 349-1 (상도동),02-3280-8260
서울은평구뉴타운점,서울,은평구,"서울 은평구 진관3로 67 (진관동, 은평뉴타운 구파발) 909동 1층 제상가 105호",02-356-6082
서울세곡점,서울,강남구,서울 강남구 자곡로 202 (자곡동) 1동 1층 120호 (강남힐스테이트에코),02-459-6050
서울묵동점,서울,중랑구,서울 중랑구 숙선옹주로 11 (묵동) 1층 60계치킨 서울묵동점,02-949-6082
서울행당점,서울,성동구,서울 성동구 행당로 76 (행당동) 행당 한진타운 노변상가 1층 114호,02-2282-6082
서울홍제홍은점,서울,서대문구,서울 서대문구 세무서길 73 (홍제동) 1층,02-379-6082
서울망우점,서울,중랑구,서울 중랑구 용마산로 494 (망우동) 1층 109호,02-434-6082
서울신풍역점,서울,영등포구,서울 영등포구 신풍로 33 (신길동) 1층,02-835-9282
서울신월점,서울,양천구,"서울 양천구 신월로10길 8 (신월동, 대림아파트) 1층 101호",02-2695-3531
서울사당역점,서울,관악구,서울 관악구 남현1길 68-10 (남현동) 2층,02-588-6082
서울회기점,서울,동대문구,서울 동대문구 회기동 45-106,02-967-6082
서울신당점,서울,중구,"서울 중구 퇴계로76길 36 (무학동) 지하1층, 1층, 2층",02-2235-6070
서울제기동역점,서울,동대문구,"서울 동대문구 정릉천동로 58 (용두동, 롯데캐슬피렌체) 126호, 127호",02-964-9992
서울대학동점,서울,관악구,서울 관악구 호암로26길 52 (신림동),02-875-9960
서울연신내점,서울,은평구,서울 은평구 연서로27길 16-16 (갈현동) 1층,02-383-6660
서울당산역점,서울,영등포구,서울 영등포구 당산로45길 1 (당산동5가) 1층 105호 (당산 삼성쉐르빌),02-2672-9282
서울방배점,서울,서초구,서울 서초구 방배로13길 28 (방배동) 한울서리풀베아체 1층 102호,02-598-6082
경기배곧신도시점,경기,시흥시,"경기 시흥시 서울대학로278번길 26 (정왕동) 104호(정왕동, 시흥배곧 아브뉴프랑 세트럴오렌지)",031-497-9100
천호역점,서울,강동구,서울 강동구 천호동 454-17 1층,02-472-6060
여의도점,서울,영등포구,서울 영등포구 국회대로72길 6 (여의도동) 여의도아크로폴리스 101~104호,02-782-8260
개봉역점,서울,구로구,서울 구로구 남부순환로95길 8-10 (개봉동) 1층,02-2066-5660
서울수유점,서울,강북구,"서울 강북구 노해로8길 22 (수유동) 1층 105호, 107호 (경남아너스빌)",02-993-6060
서울시흥점,서울,금천구,서울 금천구 시흥대로56길 8 (시흥동) 101동 102호(세종팰리스),02-803-7055
문래점,서울,영등포구,서울 영등포구 문래로 33 (문래동6가) 문래크라운팰리스 101동 101호,02-2633-6099
상봉중화점,서울,중랑구,서울 중랑구 상봉중앙로 48 (상봉동) 1층,02-436-9001
서울신촌점,서울,서대문구,"서울 서대문구 연세로9길 10-5 (창천동) 1,2층",02-332-8181
금호점,서울,성동구,서울 성동구 금호로 105 (금호동2가) 상가동 지하 4층 404호,02-2256-6060
상암점,서울,마포구,서울 마포구 월드컵북로44길 59 (상암동) 1층,02-303-6070
신림점,서울,관악구,서울 관악구 신림로59길 10 (신림동) 1층,02-876-8770
서울논현점,서울,강남구,서울 강남구 강남대로118길 14 (논현동) 1층,02-542-6082
서울망원점,서울,마포구,"서울 마포구 희우정로 77 (망원동, 마포한강아이파크) 상가동 지하 1층 111호",02-323-6060
방이점,서울,송파구,서울 송파구 오금로11길 11-8 (방이동) 107호,02-425-6079
서울독산점,서울,금천구,"서울 금천구 시흥대로 291 (독산동, 금천롯데캐슬골드파크3차) 310동 155호",02-807-6060
방학도봉점,서울,도봉구,서울 도봉구 도봉로153길 30 (도봉동) 1층,02-954-5802
오목교역점,서울,양천구,서울 양천구 목동동로12길 20 (신정동) 하버드 103호,02-2654-9987
서울한양대점,서울,성동구,서울 성동구 마조로3가길 14 (행당동) 1~2층,02-2294-0060
서울이수점,서울,동작구,"서울 동작구 사당로23길 112 (사당동, 래미안 로이파크) 후면상가 B108호",02-536-6068
구로디지털단지점,서울,구로구,서울 구로구 디지털로32나길 4 (구로동),02-865-0044
발산등촌점,서울,강서구,서울 강서구 마곡동로3길 26 (마곡동) 랑데르2 107호,02-3661-5888
마포역점,서울,마포구,서울 마포구 마포동 195-2,02-716-6026
서울아현점,서울,마포구,"서울 마포구 마포대로 167 (공덕동, 래미안 공덕5차) 상가동 104호",02-702-2380
서울정릉점,서울,성북구,서울 성북구 정릉동 397-6,02-943-9260
우장산점,서울,양천구,서울 양천구 화곡로13길 13 (신월동) 1층,02-2606-6092
쌍문점,서울,도봉구,서울 도봉구 도봉로114길 22-7 (창동) 1층,02-903-5802
서울중계점,서울,노원구,서울 노원구 중계동 84-44,02-931-9991
응암점,서울,은평구,서울 은평구 응암로21길 3-1 (응암동) 1층,02-303-3660
봉천점,서울,관악구,"서울 관악구 은천로 93 (봉천동, 벽산블루밍아파트) 벽산2상가 1층 108호",02-877-6079
서울명지대점,서울,서대문구,서울 서대문구 증가로10길 46 (남가좌동),02-3152-8260
거여역점,서울,송파구,서울 송파구 양산로 42 (거여동) 1층 3호 (거여동),02-401-6061
양재점,서울,서초구,서울 서초구 동산로13길 10 (양재동) 1층,02-2057-0567
상계점,서울,노원구,서울 노원구 한글비석로31길 32 (상계동) 1층,02-937-6660
월계점,서울,노원구,서울 노원구 월계동 18-1 지하 1층,02-3296-0060
전농점,서울,동대문구,"서울 동대문구 사가정로 148 (전농동, 전농 SK아파트) 2층 207호",02-2213-6037
잠실파크리오점,서울,송파구,"서울 송파구 올림픽로 435 (신천동, 파크리오)",02-414-9660
위례신도시점,서울,송파구,"서울 송파구 위례광장로 136 (장지동, 위례아이파크) 상가3동 C225호",02-402-6606
올림픽공원역점,서울,송파구,"서울 송파구 방이동 89-11 (올림픽프라자상가 2층, 28호)",02-409-6060
염창목동점,서울,강서구,"서울 강서구 공항대로65길 26 (염창동, 태선빌딩) 1층",02-3665-3917
압구정점,서울,강남구,"서울 강남구 압구정로42길 36 (신사동, 금광아크존1) 1층 104호",02-546-9777
암사선사점,서울,강동구,"서울 강동구 상암로3길 8 (암사동, 암사동정웅빌딩) 1층",02-426-9060
암사롯데캐슬점,서울,강동구,"서울 강동구 고덕로 133 (암사동, 강동롯데캐슬퍼스트아파트)",02-6406-9669
신천점,서울,송파구,서울 송파구 잠실동 190-7 1층,02-415-3429
서초점,서울,서초구,"서울 서초구 서초중앙로 188 (서초동, 아크로비스타) 상가 지하 A 302-2",02-592-2785
서울화곡점,서울,강서구,서울 강서구 등촌로 17 (화곡동) 1층,02-2062-1160
서울종암점,서울,성북구,서울 성북구 종암동 104-1 SK아파트 상가동 114호,02-909-6095
서울장안점,서울,동대문구,서울 동대문구 답십리로 309 (장안동) 1층 3호,02-2248-6060
서울자양점,서울,광진구,서울 광진구 뚝섬로43길 13 (자양동) 1층,02-444-9965
서울공릉점,서울,노원구,서울 노원구 동일로198길 81 (공릉동) 103호,02-973-8999
반포자이점,서울,서초구,"서울 서초구 사평대로45길 10-25 (반포동, 베리타스타운) 11호",02-599-8806
서울미아점,서울,강북구,"서울 강북구 삼양로27길 95 (미아동, 두산위브트레지움아파트) 109호",02-945-8283
문정점,서울,송파구,"서울 송파구 송이로32길 37 (문정동, 문정푸르지오아파트) 1차상가 110호",02-402-4940
마곡점,서울,강서구,"서울 강서구 마곡서로 168 (마곡동, 마곡럭스나인오피스텔엘동)",02-3661-0666
도곡렉슬점,서울,강남구,"서울 강남구 선릉로 225 (도곡동, 도곡렉슬아파트)",02-578-9982
대치점,서울,강남구,"서울 강남구 남부순환로 2927 (대치동, 대치 클래시아) 1층 114호",02-565-9660
노량진점,서울,동작구,서울 동작구 만양로14길 24 (노량진동) 1층,02-822-5082
구의광장점,서울,광진구,"서울 광진구 광나루로56길 34 (구의동, 구의현대2단지)",02-454-6092
경리단길점,서울,용산구,서울 용산구 이태원동 5-25 1층,02-6743-1234
개포점,서울,강남구,"서울 강남구 삼성로 38 (개포동, 개포빌딩)",02-459-9660
경기광주오포점,경기,광주시,경기 광주시 오포읍 신현로 28 나동 1층,031-714-6066
안산대부도점,경기,안산시,경기 안산시 단원구 대부황금로 1487 (대부북동) 1층(대북부동),032-890-4260
경기남양주다산지금점,경기,남양주시,경기 남양주시 다산지금로 124-50 (다산동) 1층,031-567-6077
경기가평점,경기,가평군,경기 가평군 가평읍 장터2길 6-6,031-582-1230
경기부천원종점,경기,부천시,경기 부천시 고강로40번길 58 (원종동) 1층 일부호(원종동),032-679-6060
경기구리인창점,경기,구리시,경기 구리시 동구릉로53번길 79 (인창동) 1층(인창동),031-565-4760
경기성남고등동점,경기,성남시,경기 성남시 수정구 고등로5길 2 (고등동) 101호 102호(아이에스타워1),031-723-8500
경기이천마장신도시점,경기,이천시,경기 이천시 마장면 중앙로10번길 16-11 1동 1층,031-637-0324
경기부천역점,경기,부천시,경기 부천시 부천로 8 (심곡동) 1층 일부호,032-665-6066
경기성남금광상대원점,경기,성남시,경기 성남시 중원구 금상로 50 (상대원동) 1층 일부호(상대원동),031-741-6060
경기고양향동신도시점,경기,고양시,"경기 고양시 덕양구 향동동 529 123호(향동동, 향동퍼스트타워)",02-3159-6072
안양호계점,경기,안양시,"경기 안양시 동안구 경수대로 567 (호계동) 1층 101호(호계동, 풍천빌딩)",031-453-1160
김포마송점,경기,김포시,경기 김포시 통진읍 김포대로2250번길 48 1동 1층 101호,031-984-6082
여주터미널점,경기,여주시,경기 여주시 세종로79번길 5 (홍문동),031-884-6077
연천전곡점,경기,연천군,경기 연천군 전곡읍 전곡로144번길 5 1동,031-835-0727
의왕오전고천점,경기,의왕시,"경기 의왕시 경수대로 262 (오전동, 서해그랑블) 1층 116호",031-429-6082
안양관양점,경기,안양시,경기 안양시 동안구 동편로 22 (관양동) 1층 106호,031-425-1160
서판교점,경기,성남시,경기 성남시 분당구 운중로277번길 46-6 (판교동) 1층 102호,031-709-8960
김포한강메트로자이점,경기,김포시,"경기 김포시 걸포2로 83 (걸포동, 한강메트로자이1단지) 1층 113호",031-997-6080
남양주덕소점,경기,남양주시,경기 남양주시 와부읍 수레로 42 1층 60계치킨 남양주덕소점,031-576-6082
파주적성점,경기,파주시,경기 파주시 적성면 솥뒤로 10 1층 일부,031-958-6660
미사풍산점,경기,하남시,경기 하남시 미사강변중앙로111번길 28 (풍산동) 1층 101호,031-792-6082
용인한숲시티점,경기,용인시,경기 용인시 처인구 남사면 한숲로 45 139호 (한숲스퀘어 옐로우상가),031-332-6082
용인수지구청점,경기,용인시,경기 용인시 수지구 풍덕천로139번길 6-7 (풍덕천동) 1층,031-889-6082
안산호수법조타운점,경기,안산시,경기 안산시 단원구 광덕2로 163-11 (고잔동) 105호 (21세기빌딩),031-410-8260
평택소사벌점,경기,평택시,경기 평택시 비전5로 20-9 (비전동) 129호,031-656-8260
화성봉담점,경기,화성시,경기 화성시 봉담읍 동화길 51 프리미엄원희캐슬 봉담 1층 116호,031-295-6066
용인기흥구청점,경기,용인시,경기 용인시 기흥구 구갈로60번길 5 (구갈동) 1층 5호,031-274-6082
김포풍무점,경기,김포시,"경기 김포시 풍무2로 15 (풍무동) 1동 1층 101호, 103호 (유프라자)",031-982-6092
광명철산점,경기,광명시,경기 광명시 철산로30번길 20 (철산동) 1층,02-2611-6077
경기동탄목동점,경기,화성시,"경기 화성시 목동 산 18 109, 110, 111호",031-376-1279
경기평택안중점,경기,평택시,경기 평택시 안중읍 안중로18번길 7 1층,"031-682-6092, 031-683-6092"
경기시흥시청점,경기,시흥시,"경기 시흥시 새재로 11 (장현동, J-PARK (주상복합아파트)) 1층 103호",031-311-6003
화성시청점,경기,화성시,경기 화성시 남양읍 역골로 21 104호,031-357-6392
파주교하점,경기,파주시,경기 파주시 책향기로 423 (동패동) 1층 129호,031-945-6092
용인죽전점,경기,용인시,경기 용인시 수지구 죽전동 548 106호,031-898-0449
김포사우점,경기,김포시,경기 김포시 돌문로62번길 13-14 (사우동) 1층 102호,031-985-8760
용인동백점,경기,용인시,경기 용인시 기흥구 동백5로 21-8 (중동) 1층 119호,031-285-6082
구리수택점,경기,구리시,"경기 구리시 원수택로64번길 9 (수택동, 수택동 성원상떼빌) 1층 110호",031-558-4760
오산시청점,경기,오산시,경기 오산시 운천로 80-11 (오산동) 105호 (운암프라자2차),031-377-6092
시흥장곡점,경기,시흥시,경기 시흥시 장곡로49번길 4 (장곡동) 1층,031-315-6082
수원화서점,경기,수원시,경기 수원시 팔달구 화서동 175-2 1층,031-256-0060
시흥능곡점,경기,시흥시,"경기 시흥시 승지로 54 (능곡동) 102호, 103호",031-317-6066
용인보라점,경기,용인시,경기 용인시 기흥구 한보라2로14번길 3-5 (보라동) 101호,031-274-6066
동탄테크노밸리점,경기,화성시,경기 화성시 동탄영천로 81-5 (영천동) 골든프라자 1층 105호 106호,031-377-1278
오리미금점,경기,성남시,경기 성남시 분당구 구미로9번길 25 (구미동) 1층 105-1호,031-715-5260
성포월피점,경기,안산시,"경기 안산시 상록구 예술광장로 31 (월피동) 109호, 110호",031-401-0060
안산초지신도시점,경기,안산시,경기 안산시 단원구 초지로 90 (초지동) 117호 (태영프라자),031-415-2306
동판교점,경기,성남시,"경기 성남시 분당구 대왕판교로606번길 58 (삼평동) 1층 1-78, 79 (삼평동, 판교푸르지오월드마크)",031-706-6066
파주금촌점,경기,파주시,경기 파주시 금빛로 15 (금촌동) 102호 (미라클프라자),031-949-8260
시흥정왕2점,경기,시흥시,경기 시흥시 정왕대로 74 (정왕동) A동 113호 (트윈프라자),031-432-9291
안산선부점,경기,안산시,경기 안산시 단원구 달미로 63 (선부동) 한양프라자 127호,031-439-0060
경기배곧신도시점,경기,시흥시,"경기 시흥시 서울대학로278번길 26 (정왕동) 104호(정왕동, 시흥배곧 아브뉴프랑 세트럴오렌지)",031-497-9100
동탄카림에비뉴점,경기,화성시,"경기 화성시 동탄대로시범길 134 (청계동, 시범 반도유보라 아이비파크4.0) 지하 1층",031-373-1277
경기덕정점,경기,양주시,경기 양주시 독바위로 79-13 (덕정동) A동 205호,031-857-6363
파주문산점,경기,파주시,경기 파주시 문산읍 방촌로 1725 1층,031-954-0660
시흥정왕점,경기,시흥시,경기 시흥시 중심상가3길 24 (정왕동) 1층 102호,031-499-7153
군포송정지구점,경기,군포시,경기 군포시 송부로34번길 23 (도마교동) 1층,031-417-7179
평택합정비전점,경기,평택시,경기 평택시 중앙2로 149 (합정동) 1층 (합정동),031-653-6846
경기이천점,경기,이천시,경기 이천시 어재연로 42 (창전동),031-631-3040
송탄이충점,경기,평택시,경기 평택시 경기대로 1286 (이충동) 106호 107호 (명성빌딩),031-662-6060
수원광교점,경기,수원시,"경기 수원시 영통구 센트럴타운로 103 (이의동) 1층 105호(이의동, 더블유타워)",031-212-6025
부천송내역점,경기,부천시,경기 부천시 송내대로42번길 17 (송내동) 1층 일부호,032-657-8033
성남야탑점,경기,성남시,경기 성남시 분당구 야탑로 103 (야탑동) 108호 (노블리치2 오피스텔),031-781-1616
경기퇴계원점,경기,남양주시,경기 남양주시 퇴계원면 경춘북로558번길 4 1층,031-529-6888
오산세교궐동점,경기,오산시,경기 오산시 수목원로 466 (금암동) 105호,031-377-6082
경기안성점,경기,안성시,경기 안성시 남파로 73-3 (신소현동) 101호,031-671-1160
김포고촌점,경기,김포시,"경기 김포시 고촌읍 은행영사정로 23 23, 상가동 20호",031-985-6060
양주옥정점,경기,양주시,경기 양주시 옥정로 139 (옥정동) 다올스퀘어빌딩 102호,031-866-8842
송산신도시점,경기,화성시,"경기 화성시 수노을1로 147 (새솔동, 송산그린시티요진와이시티) 상가동 113호",031-356-6059
수원광교호수공원점,경기,수원시,"경기 수원시 영통구 광교호수공원로 80 (원천동, 광교아이파크) 판매케이동 176, 177호",031-212-9909
성남남한산성점,경기,성남시,경기 성남시 수정구 산성대로 495 (양지동) 1층,031-746-6060
평촌범계점,경기,안양시,경기 안양시 동안구 관평로170번길 43 (관양동) 훼미리타운 1층 일부 120호,031-383-6060
동탄호수점,경기,화성시,경기 화성시 동탄산척로2가길 33 (산척동) 102호,031-373-6066
안산신길점,경기,안산시,경기 안산시 단원구 신길로1길 32 (신길동) 1층,031-494-9293
용인역북점,경기,용인시,경기 용인시 처인구 명지로40번길 13 (역북동) 102호,031-322-1160
김포구래점,경기,김포시,경기 김포시 김포한강7로 93 (구래동) 102호,031-989-6663
남양주오남점,경기,남양주시,경기 남양주시 오남읍 진건오남로 814 102호,031-529-1160
안산중앙고잔점,경기,안산시,경기 안산시 단원구 고잔동 541 안산종합상가 2동 2122호,031-402-4066
광주태전점,경기,광주시,경기 광주시 고불로 65 (태전동),031-764-1060
운정이마트점,경기,파주시,경기 파주시 미래로 369-27 (동패동) 106호 (동패동),031-959-6060
포천송우리점,경기,포천시,경기 포천시 소흘읍 태봉로166번길 13,031-541-0666
김포장기점,경기,김포시,경기 김포시 김포한강2로23번길 42 (장기동) 1층 110호,031-997-6068
수원율전점,경기,수원시,경기 수원시 장안구 율전동 554 106호,031-269-6944
일산위시티점,경기,고양시,경기 고양시 일산동구 위시티3로 53-10 (식사동) 1층,031-968-7778
성남수진점,경기,성남시,"경기 성남시 중원구 광명로 89 (성남동, 성남 센트럴 푸르지오 시티) 1층 107호",031-758-8245
경기동두천점,경기,동두천시,"경기 동두천시 중앙로 116 (지행동, 두손프라자) 110호",031-868-8292
평택동삭점,경기,평택시,"경기 평택시 상서재로 50 (동삭동) 1동 0003호 (동삭동, 4블럭)",031-658-6060
다산신도시점,경기,남양주시,경기 남양주시 다산중앙로146번길 12-14 (다산동) 메트로타워 1층 108호,031-569-6060
소하일직점,경기,광명시,경기 광명시 성채안로 38 (소하동) 1층,02-899-7281
청북신도시점,경기,평택시,"경기 평택시 청북읍 옥길리 1071 119호, 120호",031-683-0060
화성병점점,경기,화성시,"경기 화성시 효행로 1052 (병점동, 씨네샤르망) , A동 1층 101호",031-225-6060
향남신도시점,경기,화성시,경기 화성시 향남읍 발안양감로 195 (하길리),031-353-1979
수원팔달점,경기,수원시,경기 수원시 팔달구 남수동 16-19 1층,031-244-5296
파주운정점,경기,파주시,경기 파주시 와동동 1302-3 1층,031-947-8860
시흥은행점,경기,시흥시,경기 시흥시 은행동 530-4 1층,031-315-5660
경기양주고읍점,경기,양주시,경기 양주시 고읍남로191번길 74 (광사동) 101호,031-821-6660
군포점,경기,군포시,경기 군포시 삼성로20번길 3-41 (부곡동) 1층 101호,031-393-9060
NEW 고양화정점 (신규오픈),경기,고양시,경기 고양시 덕양구 화중로138번길 49 (화정동) 1층,031-968-6082
부천중동점,경기,부천시,경기 부천시 석천로 105 (중동) 111호 (보람마을동남상가),032-321-6065
안양박달점,경기,안양시,경기 안양시 만안구 양화로 125 (박달동) 1층 (박달동),031-469-4794
목감점,경기,시흥시,"경기 시흥시 목감남서로 92-30 (산현동, 목감레이크 푸르지오) 상가 402동 1호",031-410-0060
부천범박점,경기,부천시,"경기 부천시 범안로96번길 23 (범박동, 부천범박힐스테이트4단지아파트) 상가동 1층 110호",032-345-5660
남양주평내호평점,경기,남양주시,경기 남양주시 호평로 50 (호평동) 1층,031-593-6066
수지성복점,경기,용인시,"경기 용인시 수지구 심곡로 87 (성복동, 수지 제일 아이조움) B121, 122호",031-262-6082
광주송정점,경기,광주시,경기 광주시 송정동 112-6 1층,031-797-1160
동탄1신도시점,경기,화성시,경기 화성시 반송동 40 102호 (반송동),031-8003-6013
녹양가능점,경기,의정부시,경기 의정부시 녹양로62번길 19 (녹양동) 1층 (녹양동),031-876-8388
화성기안점,경기,화성시,경기 화성시 기안동 355-2,031-225-5302
하남신장점,경기,하남시,"경기 하남시 하남유니온로 70 (신장동, 하남유니온시티에일린의뜰) 에일린의 뜰 상가동 106호",031-791-9995
일산주엽점,경기,고양시,"경기 고양시 일산서구 중앙로 1388 (주엽동, 태영프라자) 지하 1층 B30호",031-921-0988
일산마두점,경기,고양시,경기 고양시 일산동구 마두동 730-2 102호,031-902-9660
일산동점,경기,고양시,경기 고양시 일산서구 일산동 1101 후곡마을 청구아파트 상가 102호,031-922-7760
의정부신곡장암점,경기,의정부시,경기 의정부시 발곡로 6 (신곡동) 해송빌딩 105호,031-877-8686
의정부 범골점,경기,의정부시,경기 의정부시 호동로 53 (호원동) 1층 롯데슈퍼의정부점 내,031-875-6006
의정부 민락점,경기,의정부시,경기 의정부시 오목로225번길 24-10 (민락동) 102호,031-853-8285
의왕포일점,경기,의왕시,경기 의왕시 포일동 662 파레사타워 113호,031-421-6061
의왕내손점,경기,의왕시,경기 의왕시 내손동 643-6,031-421-2260
용인보정점,경기,용인시,"경기 용인시 기흥구 보정로 32 (보정동, 지젤스포츠클럽) 107호",031-261-8288
안양샛별한양점,경기,안양시,"경기 안양시 동안구 동안로 194 (비산동, 한양스포츠센타) 134호",031-388-5959
안양산본점,경기,군포시,"경기 군포시 금산로 89 (산본동, 래미안 하이어스 아파트 상가(145동)) 145동 1102호",031-391-2677
안양 메가트리아점,경기,안양시,경기 안양시 만안구 태평로52번길 37 (안양동) 상가동 106호,031-466-6123
안성공도점,경기,안성시,경기 안성시 공도읍 만정리 880 디자인시티블루밍 108호,031-658-8260
안산상록수점,경기,안산시,경기 안산시 상록구 샘골로 166 (본오동) 1층,031-408-1792
의정부신곡금오점,경기,의정부시,"경기 의정부시 장곡로628번길 26 (신곡동, 금오프라자) 1층, 106호",031-851-7789
수원호매실점,경기,수원시,경기 수원시 권선구 금곡로102번길 20 (금곡동) 센타프라자 111호,031-295-9992
수원정자점,경기,수원시,"경기 수원시 장안구 영화로71번길 24 (정자동, 수원정자금강에스쁘아아파트)",031-241-6933
수원영통점,경기,수원시,경기 수원시 영통구 영일로 25 (영통동),031-203-6660
수원세류점,경기,수원시,경기 수원시 권선구 세지로 65 (세류동) 1층 101호,031-898-6625
수원매탄점,경기,수원시,경기 수원시 영통구 삼성로168번길 68 (매탄동) 1층,031-213-2136
수원권선점,경기,수원시,"경기 수원시 권선구 동수원로177번길 40 (권선동, 수원아이파크시티8단지) 157호",031-221-6061
성남 도촌점,경기,성남시,"경기 성남시 중원구 도촌로8번길 14 (도촌동, 도촌대덕프라자2) 106호",031-753-8293
서현점,경기,성남시,"경기 성남시 분당구 중앙공원로40번길 42 (서현동, 우성종합상가) 1층 111호",031-703-6089
분당정자점,경기,성남시,경기 성남시 분당구 느티로63번길 8 (정자동) 1층,031-714-2992
부천도당점,경기,부천시,"경기 부천시 삼작로 294 (도당동) (홈플러스 익스프레스 도당점 1층_X4, YA호)",032-672-7760
미사점,경기,하남시,경기 하남시 미사강변북로30번길 22 (망월동) 101호,031-795-6082
매탄시장점,경기,수원시,경기 수원시 영통구 중부대로246번길 17 (매탄동) 1층,031-212-2600
남양주화도점,경기,남양주시,경기 남양주시 화도읍 비룡로33번안길 6 (마석우리),031-594-8660
남양주진접점,경기,남양주시,경기 남양주시 진접읍 해밀예당1로235번길 9-7 (금곡리),031-571-6082
남양주별내점,경기,남양주시,경기 남양주시 두물로27번길 30-3 (별내동) 1층,031-574-8260
김포운양점,경기,김포시,경기 김포시 운양동 1297-3 에비뉴파크 1층 124호,031-997-9737
김포양촌점,경기,김포시,"경기 김포시 양촌읍 황금로 117 (학운리, 이젠 아파트형 공장) 디동 122호",031-999-7272
구리갈매점,경기,구리시,경기 구리시 갈매중앙로55번길 96-15 (갈매동) 1층,031-527-8760
광명소하점,경기,광명시,경기 광명시 하안로 200 (소하동) 102호,02-897-6061
과천점,경기,과천시,경기 과천시 원문동 4 레미안슈르상가 지하,02-507-2528
고양행신점,경기,고양시,"경기 고양시 덕양구 충경로 52 (행신동, 남정씨티프라자) 1층 111호",031-971-9589
고양삼송점,경기,고양시,경기 고양시 덕양구 세솔로 102 (삼송동),02-381-7123
고양벽제점,경기,고양시,"경기 고양시 덕양구 푸른마을로 6 (고양동, 고양 e PLAZA) 1층",031-964-5060
인천문학관교점,인천,미추홀구,인천 미추홀구 매소홀로576번길 18 (문학동) 1층,032-421-5560
인천학익점,인천,미추홀구,"인천 미추홀구 한나루로 353 (학익동, 유화주택) 101호",032-467-6061
인천부평동암점,인천,부평구,인천 부평구 백범로468번길 33-1 (십정동) 1층,032-439-0060
인천향촌만수점,인천,남동구,인천 남동구 만수서로83번길 10 (만수동) 1층,032-472-6060
인천도화점,인천,미추홀구,인천 미추홀구 숙골로 116 (도화동) 스카이프라자1 104호,032-874-7125
인천연수점,인천,연수구,인천 연수구 용담로118번길 7 (연수동) 천지프라자 1층 101호,032-815-9960
인천구월점,인천,남동구,"인천 남동구 선수촌공원로23번길 10-6 (구월동) 104호(구월동, 은성프라자)",032-471-6666
동인천역북부점,인천,동구,인천 동구 송현동 99-12 1층,032-772-6001
인천만수점,인천,남동구,인천 남동구 담방로48번길 7-5 (만수동) 1층,032-461-0060
인천간석점,인천,남동구,인천 남동구 석산로 166 (간석동) 104호,032-473-6092
인천영종운서점,인천,중구,인천 중구 운서동 2803-1 메가스타영종 제 1동 1층 106호 107호,032-752-8260
인천서구청점,인천,서구,인천 서구 승학로236번길 28 (심곡동),032-567-6060
인천동춘점,인천,연수구,인천 연수구 먼우금로 88 (동춘동) 상산빌딩 106호,032-815-4142
송도대림e편한세상점,인천,연수구,인천 연수구 송도동 319-1 1층,032-832-6066
영종하늘도시점,인천,중구,인천 중구 하늘달빛로 88 (중산동) 103호,032-747-1060
송도센트럴파크점,인천,연수구,인천 연수구 해돋이로 161 (송도동) 101호 102호,032-833-6066
인천가좌점,인천,서구,인천 서구 장고개로337번길 7 (가좌동) A동 106호,032-572-1160
인천계양점,인천,계양구,인천 계양구 임학동로 3 (임학동) 101호,032-556-6060
인천용현점,인천,미추홀구,인천 미추홀구 토금북로 33 (용현동),032-888-6082
인천효성점,인천,계양구,인천 계양구 봉오대로 446 (효성동) 1층,032-545-6660
인천주안점,인천,미추홀구,인천 미추홀구 길파로 21 (주안동) 1층,032-875-8141
인천서창점,인천,남동구,인천 남동구 서창남순환로216번길 17 (서창동) 스카이플러스 111호,032-467-6066
인천마전점,인천,서구,"인천 서구 완정로 70 (마전동, 영남탑스빌아파트 상가) 1층 118호",032-563-0405
인천논현점,인천,남동구,인천 남동구 에코중앙로156번길 5-26 (논현동) 1층,032-422-1325
인천청라점,인천,서구,인천 서구 청라루비로42번길 6-12 (경서동) 1층 103호,032-565-6060
송도라이크홈점,인천,연수구,"인천 연수구 첨단대로 80 (송도동, 레지던스 라이크홈) A동 106호",032-811-9960
인천신현점,인천,서구,"인천 서구 봉오재1로 49 (신현동, 루원시티루에블리) 104동 앞상가 60계치킨상가동 104호",032-581-6060
부평삼산점,인천,부평구,"인천 부평구 후정동로 21 (삼산동, 화령빌딩)",032-503-6060
부평동아점,인천,부평구,"인천 부평구 부평문화로 37 (부평동, 부평동아아파트) 에이동 지하층 5호",032-505-5557
경인교대점,인천,계양구,인천 계양구 계산동 969-19 A호 101호 60계 경인교대점,032-556-8260
강원춘천우두점,강원,춘천시,강원 춘천시 충열로16번길 5-15 (우두동) 1층,033-256-1060
강원문막점,강원,원주시,강원 원주시 문막읍 건등로 48,033-731-6070
동해북삼점,강원,동해시,강원 동해시 동회동 103-2 108호,033-522-6066
강원태백점,강원,태백시,강원 태백시 황지로 26 (황지동),033-552-6053
강원영월점,강원,영월군,강원 영월군 영월읍 관풍헌길 35 1층,033-374-6660
철원동송점,강원,철원군,강원 철원군 동송읍 금학로 210,033-455-1160
강원양구점,강원,양구군,강원 양구군 양구읍 사명길 118-29,033-482-8292
강원홍천점,강원,홍천군,강원 홍천군 홍천읍 홍천로 321 (안정스위트타워) 105호,033-435-6070
강원동해점,강원,동해시,강원 동해시 한섬로 126-3 (천곡동) 102호,033-531-6060
강릉포남성덕점,강원,강릉시,강원 강릉시 경강로 2322 (포남동) 1층,033-652-1160
원주무실점,강원,원주시,강원 원주시 만대로 21-1 (무실동) 매머드시티 1차 1층 101호,033-742-8060
춘천강대온의점,강원,춘천시,강원 춘천시 남춘로55번길 3 (효자동) 1층,033-251-8043
속초교동점,강원,속초시,강원 속초시 교동 781-60,033-632-6060
강원속초점,강원,속초시,강원 속초시 동해대로 4006-1 (조양동) 1층,033-637-6969
춘천후평점,강원,춘천시,"강원 춘천시 백령로 190 (후평동) 상가동 101호, 102호",033-255-0060
춘천교대점,강원,춘천시,강원 춘천시 공지로 119 (석사동),033-264-5122
원주기업도시점,강원,원주시,강원 원주시 지정면 신지정로 173-1 (가곡리),033-731-4933
강릉회산점,강원,강릉시,강원 강릉시 회산동 185-2 2층,033-641-6082
원주혁신도시점,강원,원주시,강원 원주시 양지로 16 (반곡동) 동우테라스파크 B107호,033-731-4412
원주태장우산점,강원,원주시,강원 원주시 현충로322번길 12 (태장동),033-733-8286
원주단구점,강원,원주시,강원 원주시 서원대로 406 (단구동) 104호,033-766-4029
원주단계점,강원,원주시,강원 원주시 천사로 14 (단계동) 103호,033-743-6068
강원삼척점,강원,삼척시,강원 삼척시 하실길 36 (교동),033-575-6069
충북진천점,충북,진천군,충북 진천군 진천읍 남산8길 2-2,043-537-5851
충북옥천점,충북,옥천군,충북 옥천군 옥천읍 금장로 58,043-731-8245
충북오송점,충북,청주시,충북 청주시 흥덕구 오송읍 오송생명로 208-8 1층 104호,043-231-6092
오창2산단점,충북,청주시,충북 청주시 청원구 오창읍 주성1길 9 1층 103호 (산토리니빌딩),043-296-6060
충북영동점,충북,영동군,충북 영동군 영동읍 중앙로3길 2-1,043-745-0606
충북청주분평점,충북,청주시,충북 청주시 서원구 1순환로 1109 (분평동),043-288-2675
제천명동점,충북,제천시,충북 제천시 중앙로2가 24-2,043-646-6070
충주용산점,충북,충주시,충북 충주시 남산로 93 (용산동),043-857-6670
충북제천청전점,충북,제천시,충북 제천시 의림대로33길 27 (청전동),043-647-0044
충북청주봉명점,충북,청주시,충북 청주시 흥덕구 백봉로 203 (봉명동),043-272-8260
청주 용암금천점,충북,청주시,충북 청주시 상당구 낙영로24번길 18 (용암동) 1층,043-292-0060
충북혁신도시점,충북,음성군,충북 음성군 맹동면 용두1길 15,043-883-3007
충주연수점,충북,충주시,"충북 충주시 연수서편2길 11 (연수동, 충주 센트럴 푸르지오) 상사동 1층 106호",043-852-8591
충북오창점,충북,청주시,"충북 청주시 청원구 오창읍 오창중앙로 12 (각리, 중앙하이츠빌아파트 상가) 1층 108호 (중앙하이츠빌 아프트 상가)",043-211-8060
청주 율량사천점,충북,청주시,충북 청주시 청원구 사뜸로 34 (율량동),043-212-1060
청주수곡개신점,충북,청주시,충북 청주시 서원구 모충로 9 (개신동) 1층 103호,043-272-6092
충북음성금왕점,충북,음성군,충북 음성군 금왕읍 금석로 54-2 (무극리),043-881-0660
청주 복대가경점,충북,청주시,"충북 청주시 흥덕구 대신로 6 (복대동, 성옥빌딩)",043-234-0060
충북증평점,충북,증평군,충북 증평군 증평읍 중앙로10길 8 (교동리),043-838-8558
충남천안신방통정점,충남,천안시,충남 천안시 동남구 통정11로 57 (신방동) 1층,041-575-2353
천안성환점,충남,천안시,충남 천안시 서북구 성환읍 연암율금로 478 1층,041-587-6060
충남계룡엄사점,충남,계룡시,충남 계룡시 엄사면 번영로 84,042-551-6609
부여점,충남,부여군,충남 부여군 부여읍 석탑로41번길 15,041-836-0060
천안직산점,충남,천안시,충남 천안시 서북구 직산읍 봉주로 62 1층,041-581-0160
홍성법원점,충남,홍성군,충남 홍성군 홍성읍 법원로 16 103호,041-631-6066
공주신관점,충남,공주시,충남 공주시 번영2로 74 (신관동),041-852-6083
천안청당점,충남,천안시,충남 천안시 동남구 청수11로 26 (청당동) 103호,041-555-6082
충남보령동대점,충남,보령시,충남 보령시 작은오랏2길 35 (동대동),041-932-0600
충남태안점,충남,태안군,충남 태안군 태안읍 후곡로 132,041-673-0060
충남내포점,충남,홍성군,충남 홍성군 홍북읍 청사로48번길 10-1,041-633-8860
충남서산테크노밸리점,충남,서산시,충남 서산시 성연면 성연3로 57-7 104호,041-666-1160
충남기지시점,충남,당진시,충남 당진시 송악읍 반촌로 140-38 101호,041-357-6088
충남서산인지점,충남,서산시,충남 서산시 인지면 둔당로 106-20,041-664-6060
대천해수욕장점,충남,보령시,충남 보령시 해수욕장4길 94 (신흑동),041-935-0060
아산테크노밸리점,충남,아산시,충남 아산시 둔포면 아산밸리중앙로 80-13 109호,041-547-9977
천안두정성정점,충남,천안시,충남 천안시 서북구 원두정10길 10 (두정동) 102호,041-622-6066
충남당진점,충남,당진시,충남 당진시 북문로1길 27-16 (읍내동) 102호,041-353-1229
아산신용화점,충남,아산시,충남 아산시 용화동 1107,041-531-8292
서산호수공원점,충남,서산시,"충남 서산시 호수공원7로 14 (예천동, 지성빌) 1층",041-665-3358
천안신불당점,충남,천안시,충남 천안시 서북구 불당27길 7 (불당동) 아름초등학교 후문 아름드리공원 내,041-551-9989
충남논산점,충남,논산시,충남 논산시 시민로331번길 10 (취암동) 1층,041-732-9922
천안쌍용신방점,충남,천안시,충남 천안시 서북구 미라8길 14 (쌍용동) 1층 (쌍용동),041-577-0223
천안신부점,충남,천안시,충남 천안시 동남구 신부동 455-5 1층,041-909-8383
아산배방점,충남,아산시,충남 아산시 배방읍 북수리 1182-12,041-534-1005
경북구미문성점,경북,구미시,경북 구미시 고아읍 들성로 222 1동 1층,054-441-6061
경북성주점,경북,성주군,경북 성주군 성주읍 성주읍2길 16-1,054-931-9291
포항흥해초곡점,경북,포항시,경북 포항시 북구 흥해읍 초곡지구로58번길 24-6 1층,054-261-6082
경북영주점,경북,영주시,경북 영주시 대동로 20 (가흥동),054-632-6066
경주황성용강점,경북,경주시,경북 경주시 황성로 42 (황성동),054-744-6066
경북경주성건점,경북,경주시,경북 경주시 금성로407번길 8 (성건동),054-772-6606
경북문경점,경북,문경시,경북 문경시 매봉1길 11 (모전동),054-552-6066
경산하양점,경북,경산시,경북 경산시 하양읍 하양역길 8 주1동 3호 (금락리 116-164),053-852-6082
김천점,경북,김천시,경북 김천시 신양4길 53 (신음동),054-434-3579
경북상주점,경북,상주시,경북 상주시 무양동 202-1,054-536-9960
구미비산점,경북,구미시,경북 구미시 신비로 123 (비산동) 1층 101호,054-441-2750
경북도청점,경북,예천군,"경북 예천군 호명면 새움3로 52 (산합리, JM골드스퀘어) 1층",054-655-9960
포항죽도점,경북,포항시,경북 포항시 북구 죽파로 40 (죽도동),054-282-2858
포항두호우창점,경북,포항시,경북 포항시 북구 대곡로43번길 7-9 (두호동) 1층,054-242-6082
포항시청점,경북,포항시,경북 포항시 남구 대이로 99 (대잠동) 1층,054-282-5360
김천혁신도시점,경북,김천시,"경북 김천시 혁신3로 15 (율곡동, 율곡스퀘어 Ⅵ) 108호 *율곡동, 율곡스케어 6)",054-434-9004
안동용상점,경북,안동시,경북 안동시 경동로 840-2 (용상동) 1층,054-821-8960
구미상모사곡점,경북,구미시,경북 구미시 상사서로 31 (상모동) 1층 107호,054-464-6082
경북영천점,경북,영천시,경북 영천시 망정1길 176-12 (망정동),054-336-6082
포항장량점,경북,포항시,경북 포항시 북구 법원로 175 (양덕동) 1층 106호,054-256-7247
포항오천점,경북,포항시,경북 포항시 남구 오천읍 냉천로302번길 73 (원리) 1층,054-293-9952
칠곡왜관점,경북,칠곡군,"경북 칠곡군 왜관읍 석전로7길 5 (석전리, 왜관한양수자인아파트) 한양수자인상가 101호",054-975-9982
칠곡석적점,경북,칠곡군,경북 칠곡군 석적읍 서중리5길 68 (중리) A동,054-977-9292
칠곡북삼점,경북,칠곡군,경북 칠곡군 북삼읍 숭오리 16-17,054-971-0060
안동운안점,경북,안동시,경북 안동시 단원로 95 (운안동) 1층,054-843-6677
안동송현점,경북,안동시,"경북 안동시 송현길 16 (송현동, 송현휴먼시아3단지) 2층 2호",054-854-9979
구미형곡점,경북,구미시,"경북 구미시 형곡동로 103 (형곡동, 형곡 전원 리빙필) 1층 104호",054-442-2255
구미진평점,경북,구미시,경북 구미시 인동28길 41-3 (진평동) 1층 102호,054-471-0160
구미옥계점,경북,구미시,"경북 구미시 옥계북로 34 (옥계동, 원광빌딩) 1층 106호",054-476-8260
구미봉곡점,경북,구미시,경북 구미시 봉곡동 227-12 1층,054-455-2260
경산진량점,경북,경산시,경북 경산시 진량읍 북리 98-7,053-856-1160
경산정폄점,경북,경산시,경북 경산시 대학로12길 27 (정평동),053-263-6060
경산동부점,경북,경산시,경북 경산시 계양동 669-2,053-801-1160
경남고성점,경남,고성군,경남 고성군 고성읍 중앙로 46 1층,055-673-7373
마산진동점,경남,창원시,경남 창원시 마산합포구 진동면 신서촌2길 20 1층 101호,055-271-5560
진주상봉대안점,경남,진주시,경남 진주시 창렬로98번길 13 (상봉동) 1층,055-746-5966
양산웅산점,경남,양산시,경남 양산시 평산로 45-7 (평산동) 1동,055-383-6160
마산호계점,경남,창원시,경남 창원시 마산회원구 내서읍 호원로 311 101호 (호계리치프라자),055-232-6082
진주금산점,경남,진주시,경남 진주시 금산면 중천로 84 금산파크상가 1층 105호,055-761-6082
경남함양점,경남,함양군,경남 함양군 함양읍 함양로 1119,055-962-3060
경남진주가호점,경남,진주시,경남 진주시 강변길 7 (호탄동) 1층,055-763-0066
경남진주시청점,경남,진주시,경남 진주시 솔밭로 95 (상평동) 1층,055-752-5966
경남삼천포점,경남,사천시,경남 사천시 벌리9길 17 (벌리동),055-835-6092
경남진해용원점,경남,창원시,경남 창원시 진해구 용원서로39번길 16 (용원동) 102호,055-545-6077
경남진해석동점,경남,창원시,"경남 창원시 진해구 진해대로 752 (석동) 롯데시네마 19, 20호",055-546-9959
진주하대초전점,경남,진주시,경남 진주시 하대로 89 (하대동) 1층,055-757-1333
경남함안점,경남,함안군,경남 함안군 가야읍 가야로 83 1층 102호,055-584-1160
거제장평점,경남,거제시,경남 거제시 장평3로3길 22 (장평동) 1층,055-636-6092
진주혁신도시점,경남,진주시,경남 진주시 충의로 20-33 (충무공동) 104호,055-758-5965
진주천전점,경남,진주시,경남 진주시 진주대로856번길 7-2 (주약동),055-758-6070
창원봉곡명서점,경남,창원시,경남 창원시 의창구 원이대로 277 (봉곡동) 101호,055-288-6009
김해어방점,경남,김해시,경남 김해시 인제로 149 (어방동) 1층,055-321-7492
김해율하점,경남,김해시,"경남 김해시 율하3로 16 (율하동) 104호 105호(율하동, 에코빌딩)",055-322-9960
경남사천점,경남,사천시,경남 사천시 정동면 정동중앙로 5,055-854-6092
창원유니시티점,경남,창원시,경남 창원시 의창구 평산로207번길 4 (서상동) 111호,055-253-6160
통영도남미수점,경남,통영시,경남 통영시 도남로 150-6 (도남동) 102호(도남동),055-641-6060
거제수월점,경남,거제시,경남 거제시 제산로 46 (양정동) 1층,055-635-2060
창원감계점,경남,창원시,경남 창원시 의창구 북면 감계로110번길 54-15 (감계리),055-252-3835
양산신도시점,경남,양산시,경남 양산시 양산역로 105 (중부동) 107호,055-363-6082
양산증산점,경남,양산시,경남 양산시 물금읍 백호2길 31-9 (가촌리),055-366-6082
거제상문점,경남,거제시,경남 거제시 문동동 756 301~302호,055-636-1160
진해마린시티점,경남,창원시,경남 창원시 진해구 충장로657번길 20 (장천동) 현대빌딩 1층 102호,055-545-6160
마산내서삼계점,경남,창원시,경남 창원시 마산회원구 내서읍 삼계리 623-7,055-232-9294
마산구암합성점,경남,창원시,경남 창원시 마산회원구 합성시장길 2-31 (합성동) 1층,055-297-1797
창원남양대방점,경남,창원시,"경남 창원시 성산구 대정로 145 (대방동, 대방개나리1차아파트) 103호",055-261-7233
진주평거점,경남,진주시,경남 진주시 신평공원길25번길 8-8 (평거동) 1층,055-741-1222
김해북부내외점,경남,김해시,경남 김해시 해반천로16번길 11-6 (구산동),055-311-3643
창원상남점,경남,창원시,경남 창원시 성산구 동산로 122 (상남동) 2층 214-1호,055-267-6731
창원반송점,경남,창원시,"경남 창원시 성산구 원이대로473번길 28 (반림동, 반송빌딩) 1층 101호",055-262-6082
양산범어점,경남,양산시,경남 양산시 물금읍 화합11길 16-2 (범어리) 1층,055-383-2998
밀양점,경남,밀양시,경남 밀양시 미리벌중앙로3길 6-1 (삼문동) 1층,055-355-6066
마산합포점,경남,창원시,경남 창원시 마산합포구 문화북1길 64 (두월동2가),055-245-0606
마산교방점,경남,창원시,"경남 창원시 마산합포구 교방시장2길 31 (교방동, 신우빌라) 1층",055-222-6092
김해진영점,경남,김해시,경남 김해시 진영읍 김해대로365번길 8 (진영리) 105호,055-345-6082
경남통영점,경남,통영시,"경남 통영시 무전4길 29 (무전동, 휴엔하임) 상가동 1층 118A호",055-646-6066
경남거창점,경남,거창군,경남 거창군 거창읍 상동2길 48 (상림리),055-943-1060
거제아주점,경남,거제시,경남 거제시 아주동 1685-1,055-681-6009
김해장유점,경남,김해시,"경남 김해시 대청로210번길 20 (대청동, 비전타워빌딩) 1층 105호",055-339-6079
대전산내대성점,대전,동구,대전 동구 산내로 1339 (낭월동) 1층,042-286-6060
대전전민점,대전,유성구,대전 유성구 전민로70번길 64 (전민동) 1층,042-867-6082
대전노은역점,대전,유성구,대전 유성구 노은로 174 (지족동) 1층 108호 (도원프라자),042-826-6066
대전월평점,대전,서구,대전 서구 청사서로 16 (월평동) 1층,042-485-3737
대전복수점,대전,서구,대전 서구 복수남로 43 (복수동) 1층,042-582-6099
대전중촌점,대전,중구,대전 중구 목중로26번길 35 (중촌동) 1층,042-221-4445
대전관평점,대전,유성구,대전 유성구 관들2길 59 (관평동) 1층,042-931-5222
대전노은점,대전,유성구,대전 유성구 반석동로 64 (반석동),042-826-6050
대전관저점,대전,서구,대전 서구 관저남로12번길 15-36 (관저동) 1층 (관저동),042-541-6067
대전신탄진점,대전,대덕구,대전 대덕구 신탄진동로23번길 22 (신탄진동) 1층,042-934-9282
대전유성점,대전,유성구,"대전 유성구 온천북로 73 (봉명동, 투유1) 101호",042-822-5222
대전대동자양점,대전,동구,대전 동구 용운로 3 (대동) 1층,042-285-8260
대전법동점,대전,대덕구,대전 대덕구 계족산로5번길 113 (법동) 1층,042-628-9999
서대전점,대전,중구,대전 중구 오류동 163-3,042-582-6066
대전둔산점,대전,서구,대전 서구 둔산로206번길 34 (둔산동) 1층,042-482-9972
대구월성대천점,대구,달서구,대구 달서구 조암남로 85 (월성동) 주건축물 제1동 1층 112호(월성동),053-633-6082
대구금호지구점,대구,북구,대구 북구 한강로6길 6 (사수동),053-311-6082
대구연경지구점,대구,북구,"대구 북구 연경중앙로 3 (연경동) 109호, 110호",053-985-9998
대구진천점,대구,달서구,대구 달서구 진천로 51 (진천동) 1층,053-632-0098
대구구지점,대구,달성군,대구 달성군 구지면 과학마을로3길 3 1층,053-617-0060
대구남산대봉점,대구,중구,대구 중구 대봉로 215 (대봉동) 1층,053-257-6092
대구옥포점,대구,달성군,대구 달성군 옥포읍 교항리 2903 유니크빌딩 1층 102호,053-615-0040
대구각산점,대구,동구,대구 동구 동호로2길 37-16 (동호동),053-964-6650
대구내당평리점,대구,서구,대구 서구 달구벌대로 1691 (내당동) 102호 (M플라자),053-566-6160
대구방촌점,대구,동구,대구 동구 동촌로42길 19-1 (방촌동),053-982-6061
대구복현산격점,대구,북구,대구 북구 복현로 74 (복현동) 1층,053-942-0666
대구황금상동점,대구,수성구,대구 수성구 수성로25길 5 (상동) 1층,053-762-6088
대구무태조야점,대구,북구,대구 북구 서변로 53-1 (서변동) 1층,053-939-6918
대구수성범어점,대구,수성구,"대구 수성구 들안로78길 23 (범어동) 1, 2층",053-753-6650
비산평리점,대구,서구,대구 서구 달서로28길 5-12 (비산동),053-565-1006
대구범어로데오점,대구,수성구,대구 수성구 달구벌대로 2522 (범어동) 1층,053-753-6660
대구용산점,대구,달서구,대구 달서구 용산서로 4-28 (용산동) 1층,053-525-6011
대구매천점,대구,북구,대구 북구 태전동 1123,053-313-1101
이시아폴리스점,대구,동구,"대구 동구 팔공로51길 3 (봉무동) 1층 (119호, 120호)",053-322-0037
대구수성못점,대구,수성구,대구 수성구 수성못2길 23 (두산동) 2층,053-768-4242
부산반송점,부산,해운대구,부산 해운대구 아랫반송로 36 (반송동) 1층,051-542-6060
대구대명봉덕점,대구,남구,대구 남구 대명로57길 15 (대명동) 1층,053-627-7771
대구다사점,대구,달성군,대구 달성군 다사읍 세천북로 17 (세천리) 1층 101호,053-588-6067
대구율하점,대구,동구,대구 동구 율하서로 60 (율하동) 1층 101호,053-965-6092
대구본리감삼성당점,대구,달서구,대구 달서구 장기로 82 (성당동) 1층,053-657-6002
대구신암복현점,대구,동구,대구 동구 신암로20길 22 (신암동),053-956-9963
대구테크노폴리스점,대구,달성군,대구 달성군 유가면 테크노중앙대로6길 15-17 (봉리) 104호,053-611-6099
대구동천점,대구,북구,대구 북구 대천로17길 8 (동천동) 1층,053-322-1002
부산해운대점,부산,해운대구,"부산 해운대구 구남로 31-1 (중동, 매떡)",051-741-8809
부산장산점,부산,해운대구,"부산 해운대구 세실로 64 (좌동, 화목데파트) 지하 1층 107호",051-703-8260
부산반여점,부산,해운대구,부산 해운대구 삼어로133번나길 2 (반여동) 1층 60계 치킨,051-531-2003
대구화원명곡점,대구,달성군,대구 달성군 화원읍 성화로4길 12 (성산리),053-637-9980
대구침산점,대구,북구,대구 북구 성북로 37 (침산동) 1층,053-356-6363
대구시지점,대구,수성구,대구 수성구 달구벌대로641길 27 (매호동),053-795-6060
대구성서점,대구,달서구,"대구 달서구 계대동문로 99 (이곡동, 성서보성화성타운) 301동 1층 111호",053-581-6006
대구상인도원점,대구,달서구,"대구 달서구 상인서로 46 (상인동, 상인서한타운) 110동 109호",053-637-6007
대구범물점,대구,수성구,"대구 수성구 용학로 272 (범물동, 범물창신태성한라맨션) 콤비코아상가 A동 6호",053-763-6023
전북남원점,전북,남원시,전북 남원시 큰들길 25 (도통동),063-633-6060
익산신동점,전북,익산시,전북 익산시 동서로19길 74-1 (신동) 1층,063-854-0972
김제점,전북,김제시,전북 김제시 금성로 143 (검산동) 105호 (예승빌딩),063-544-6082
익산동산점,전북,익산시,전북 익산시 서동로 115 (마동),063-857-0060
완주봉동점,전북,완주군,전북 완주군 봉동읍 과학로 1015,063-262-6092
전주호성우아1동점,전북,전주시,전북 전주시 덕진구 호성3길 11-2 (호성동1가) 1층 104호,063-247-1500
전주여의반월점,전북,전주시,전북 전주시 덕진구 편운로 34 (동산동) 1층 101호,063-211-4560
전주삼천점,전북,전주시,전북 전주시 완산구 강변로 21 (삼천동1가) 1층,063-226-9982
전주송천2호점,전북,전주시,전북 전주시 덕진구 시천로 60 (송천동1가) 1층,063-278-6082
전주평화점,전북,전주시,"전북 전주시 완산구 맏내로 28 (평화동2가, 평화동 광신프로그레스 아파트) 1동 106호",063-236-6066
전주전북대점,전북,전주시,전북 전주시 덕진구 명륜5길 17 (덕진동1가) 1층 1호(덕진동1가),063-255-6082
전북전주서신점,전북,전주시,전북 전주시 완산구 새터로 39 (서신동) 1층,063-271-6082
전주혁신도시점,전북,완주군,전북 완주군 이서면 갈산리 691-1,063-227-6082
정읍상동점,전북,정읍시,전북 정읍시 충정로 65 (상동) 102호,063-536-6066
전북고창점,전북,고창군,전북 고창군 고창읍 성산로 28,063-563-1060
익산모현점,전북,익산시,전북 익산시 선화로1길 16 (모현동1가) 1동 104호,063-851-6060
익산영등점,전북,익산시,전북 익산시 무왕로13길 25 (영등동) 영등3차제일아파트 동편상가1층,063-832-6060
전주송천점,전북,전주시,전북 전주시 덕진구 오송1길 37-7 (송천동1가) 104호,063-275-6092
전주효자신시가지점,전북,전주시,"전북 전주시 완산구 홍산1길 7 (효자동2가, 전주 효자 SK Leaders VIEW) 137호",063-227-9982
전주아중인후우아점,전북,전주시,전북 전주시 덕진구 건산로 276 (우아동2가) 1층,063-242-6082
전주중화산점,전북,전주시,전북 전주시 완산구 중산중앙로 27 (중화산동2가) 1층(중화산동2가),063-222-1160
전북군산점,전북,군산시,전북 군산시 동수송8길 10 (수송동),063-471-7778
전남여수죽림점,전남,여수시,전남 여수시 소라면 죽림2길 38-12 1층,061-691-5070
전남여수돌산점,전남,여수시,전남 여수시 돌산읍 강남동로 43 1층,061-643-6060
전남광양읍점,전남,광양시,전남 광양시 광양읍 서평10길 21 1층 일부호,061-761-6066
순천용당삼산점,전남,순천시,"전남 순천시 용당삼산로 63 (용당동, 덕진 순천의 봄 아파트) 119동 105호",061-755-5271
여수웅천점,전남,여수시,전남 여수시 예울마루로 37-53 (웅천동) 1층 101호,061-686-6082
여수여서문수점,전남,여수시,전남 여수시 문수로 94 (문수동),061-654-9685
여수학동점,전남,여수시,전남 여수시 시청동3길 35-17 (학동),061-692-1009
해남점,전남,해남군,전남 해남군 해남읍 구교3길 8-3,061-535-6082
전남순천신대점,전남,순천시,전남 순천시 해룡면 신대1길 4-21 103호,061-726-0690
전남순천조례점,전남,순천시,전남 순천시 봉화2길 18 (조례동) 1층,061-726-6082
나주대호점,전남,나주시,전남 나주시 대호길 81 (대호동),061-333-6092
목포상동석현점,전남,목포시,전남 목포시 옥암로 173 (석현동) 1층,061-281-9233
목포하당점,전남,목포시,전남 목포시 옥암로 45 (상동) 1층,061-282-6092
광양중마점,전남,광양시,전남 광양시 오류3길 5 (중동) 1층,061-795-0660
목포북항점,전남,목포시,전남 목포시 원산로59번길 24 (산정동) 1층,061-273-6066
나주빛가람점,전남,나주시,"전남 나주시 상야1길 12 (빛가람동) 골든프라자A동 101, 102호",061-337-0060
전남화순점,전남,화순군,전남 화순군 화순읍 중앙로 93-9 1층,061-373-6060
전남목포용해점,전남,목포시,전남 목포시 연산백련로7번길 2-10 (연산동),061-279-0660
전남영광점,전남,영광군,전남 영광군 영광읍 천년로11길 35-1,061-352-7888
순천오천점,전남,순천시,"전남 순천시 오천4길 21 (오천동, 골드클래스) 112동 101호",061-744-6082
남악옥암점,전남,무안군,전남 무안군 삼향읍 남악4로60번가길 7 (남악리),061-287-6692
경기광주오포점,경기,광주시,경기 광주시 오포읍 신현로 28 나동 1층,031-714-6066
광주백운양림점,광주,남구,광주 남구 백운로 69 (백운동) 1층,062-676-6066
광주학동지원점,광주,동구,광주 동구 의재로 48 (학동) 1층,062-236-6060
광주동명계림점,광주,동구,광주 동구 장동로 9 (장동),062-222-6066
광주중흥신안점,광주,북구,광주 북구 호동로 22-1 (중흥동),062-266-6082
광주효천점,광주,남구,광주 남구 효우2로26번길 7 (행암동) 1층,062-674-6030
광주상무점,광주,서구,광주 서구 상무민주로76번길 26 (쌍촌동),062-376-6092
광주풍암점,광주,서구,광주 서구 풍암2로53번길 6 (풍암동) 1층,062-682-6066
광주선운송정점,광주,광산구,광주 광산구 선운중앙로 50 (선암동) 108호,062-942-6092
광주하남점 (전라도),광주,광산구,광주 광산구 사암로383번길 39 (하남동) 1층 116호,062-951-6066
광주문흥오치점,광주,북구,광주 북구 문산로 27 (문흥동) 1층,062-269-6082
광주운암동림점,광주,북구,광주 북구 대자실로 23-1 (운암동) 7~8호 (현대아파트상가),062-527-0060
광주진월점,광주,남구,광주 남구 광복마을길 75 (진월동),062-652-8777
광주용봉점,광주,북구,광주 북구 용봉택지로 67 (용봉동) 1층,062-514-6082
광주우산메가박스점,광주,광산구,광주 광산구 사암로216번길 10-17 (우산동),062-954-7792
광주일곡매곡점,광주,북구,광주 북구 설죽로 518-4 (일곡동) 1층,062-574-6066
광주방림봉선점,광주,남구,광주 남구 용대로 150 (방림동) 1층,062-655-8260
광주첨단점,광주,광산구,광주 광산구 월계로 217 (쌍암동) 1층 124호 (첨단프라자),062-971-6660
광주두암점,광주,북구,광주 북구 탁영로 14 (두암동),062-251-9290
광주금호점,광주,서구,광주 서구 금화로85번길 21 (금호동),062-384-6060
광주태전점,경기,광주시,경기 광주시 고불로 65 (태전동),031-764-1060
광주화정점,광주,서구,광주 서구 염화로83번길 4-25 (화정동),062-383-3328
광주양산점,광주,북구,광주 북구 양산동 851,062-572-1977
광주수완점,광주,광산구,광주 광산구 수완로49번길 6 (수완동) 1층,062-531-6060
광주송정점,경기,광주시,경기 광주시 송정동 112-6 1층,031-797-1160
울산언양점,울산,울주군,울산 울주군 삼남읍 교동리 1562-3 1층,052-254-6092
울산덕신점,울산,울주군,울산 울주군 온산읍 온덕1길 3,052-261-6060
울산수암점,울산,남구,울산 남구 중앙로 54 (신정동) 1층,052-266-6070
울산신정달동점,울산,남구,울산 남구 팔등로67번길 7 (신정동) 1층,052-221-9292
울산옥동점,울산,남구,울산 남구 문수로335번길 6 (옥동) 1층 106호,052-266-0060
울산신천점,울산,북구,울산 북구 신천로 97 (매곡동) 1층,052-282-6070
울산신정점,울산,남구,"울산 남구 동산로69번길 14 (신정동, 문수로2차아이파크2단지) 101호",052-271-9992
울산우정태화점,울산,중구,울산 중구 유곡로 56 (유곡동),052-248-0508
울산삼산점,울산,남구,울산 남구 삼산로254번길 21-1 (달동) 1층,052-266-6092
울산매곡점,울산,북구,울산 북구 매곡본길 71 (매곡동) 1층,052-282-6033
울산병영점,울산,중구,울산 중구 곽남1길 23 (남외동),052-295-6060
울산무거점,울산,남구,울산 남구 신복로 66 (무거동) 101호,052-249-6092
울산화봉점,울산,북구,울산 북구 화봉동 1451-3 1층,052-289-6061
울산화정점,울산,동구,울산 동구 화진8길 48 (화정동) 102호,052-232-6092
울산천상점,울산,울주군,울산 울주군 범서읍 천상리 652-1 국택그린빌 후문,052-211-7260
울산천곡점,울산,북구,울산 북구 천곡동 410-6 1층,052-295-3360
울산온양점,울산,울주군,울산 울주군 온양읍 연안8길 26 (대안리),052-237-7272
울산남목점,울산,동구,울산 동구 미포1길 55 (동부동) 1층,052-233-0508
울산강동점,울산,북구,"울산 북구 강동산하5로 25 (산하동, 블루마시티 효성해링턴 플레이스 2단지) 상가동 124호",052-282-6082
부산괘법점,부산,사상구,부산 사상구 삼덕로46번길 108 (삼락동) 1층(삼락동),051-305-8260
부산서면점,부산,부산진구,부산 부산진구 서전로68번길 65 (전포동),051-819-6060
부산가톨릭대점,부산,금정구,부산 금정구 기찰로 117 (부곡동) 1층,051-517-7272
부산감천점,부산,사하구,부산 사하구 감천로38번길 12 (감천동) 1층,051-202-1160
부산반송점,부산,해운대구,부산 해운대구 아랫반송로 36 (반송동) 1층,051-542-6060
부산센텀수영점,부산,수영구,"부산 수영구 수미로14번길 35 (수영동, 수영강동원로얄듀크) 104호",051-756-0919
부산구서점,부산,금정구,"부산 금정구 수림로72번길 136 (구서동, 청효빌라) 101호",051-583-7558
부산정관신도시점,부산,기장군,부산 기장군 정관읍 구연4로 20 (매학리) 1층 102호,051-727-6089
명지국제신도시점,부산,강서구,부산 강서구 명지국제12로11번길 15-23 (명지동) 1층,051-202-7373
부산대연점,부산,남구,"부산 남구 진남로46번길 28 (대연동, 한우맨션) 지하층 1호",051-622-1160
부산온천명륜점,부산,동래구,부산 동래구 시실로 32-2 (명륜동) 우측상가 1층,051-556-1160
부산화명카이저점,부산,북구,"부산 북구 금곡대로 166 (화명동, 롯데캐슬카이저) B106",051-363-1160
부산해운대점,부산,해운대구,"부산 해운대구 구남로 31-1 (중동, 매떡)",051-741-8809
부산초읍연지점,부산,부산진구,부산 부산진구 성지로 79 (초읍동) 1층,051-808-6066
부산장산점,부산,해운대구,"부산 해운대구 세실로 64 (좌동, 화목데파트) 지하 1층 107호",051-703-8260
부산영도점,부산,영도구,"부산 영도구 절영로 557 (동삼동, 삼창파크맨션) 1층 103호",051-405-6677
부산연산점,부산,연제구,부산 연제구 신금로 12-1 (연산동),051-851-8760
부산엄궁점,부산,사상구,부산 사상구 엄궁로203번길 33 (엄궁동),051-322-8881
부산양정점,부산,부산진구,부산 부산진구 연수로 12 (양정동) 1층,051-852-9900
부산사직점,부산,동래구,"부산 동래구 사직로 8 (사직동, 사직역 삼정그린코아 더 베스트 1차)",051-505-6061
부산반여점,부산,해운대구,부산 해운대구 삼어로133번나길 2 (반여동) 1층 60계 치킨,051-531-2003
부산모라점,부산,사상구,부산 사상구 백양대로 949-7 (모라동) 101호,051-316-9960
부산용호점,부산,남구,"부산 남구 동명로 165 (용호동, 오곡농산쌀직판장) 1층",051-612-6656
부산만덕점,부산,북구,부산 북구 덕천로276번길 32-8 (만덕동) 1층,051-331-4123
부산대신점,부산,서구,부산 서구 구덕로274번길 5 (동대신동1가),051-245-7929
부산다대포점,부산,사하구,부산 사하구 다송로72번길 64 (다대동) 1층,051-266-6010
부산기장점,부산,기장군,"부산 기장군 기장읍 차성로344번길 26 (동부리, 피오네)",051-721-5795
부산광안점,부산,수영구,"부산 수영구 남천바다로21번길 6 (광안동, 세종오스타) 102호",051-759-8851
부산개금.주례점,부산,부산진구,부산 부산진구 냉정로 194 (개금동),051-992-6000
당감부암점,부산,부산진구,부산 부산진구 당감서로 66-1 (당감동) 1층,051-897-1160
제주외도점,제주특별자치도,제주시,제주특별자치도 제주시 우정로15길 29 (외도일동) 1층,064-746-6060
제주중문점,제주특별자치도,서귀포시,제주특별자치도 서귀포시 천제연로 268 (중문동) 1층 104호,064-739-7960
제주시청점,제주특별자치도,제주시,제주특별자치도 제주시 광양10길 16 (이도이동) 1층,064-756-0660
제주서귀포동홍점,제주특별자치도,서귀포시,제주특별자치도 서귀포시 동홍남로 46 (동홍동) 1층,064-733-6079
제주서귀포신시가지점,제주특별자치도,서귀포시,제주특별자치도 서귀포시 대청로25번길 6-7 (강정동) 1층,064-739-6066
제주성산점,제주특별자치도,서귀포시,제주특별자치도 서귀포시 성산읍 고성동서로56번길 2 1층,064-782-9960
제주노형점,제주특별자치도,제주시,"제주특별자치도 제주시 다랑곶1길 16 (노형동, 세기6차아파트) 109호(노형동, 세기6차아파트)",064-747-0858
제주아라점,제주특별자치도,제주시,제주특별자치도 제주시 인다6길 53 (아라1동),064-757-8969
제주삼화지구점,제주특별자치도,제주시,제주특별자치도 제주시 화삼로 11 (화북1동),064-753-0858
세종소담점,세종특별자치시,소담1로,세종특별자치시 소담1로 12 (소담동) 116호,044-272-6088
세종아름점,세종특별자치시,보듬3로,세종특별자치시 보듬3로 91 (아름동) 해피라움4 120호,044-865-8260
조치원점,세종특별자치시,조치원읍,세종특별자치시 조치원읍 대첩로 75 109호,044-865-6040
세종어진점,세종특별자치시,가름로,세종특별자치시 가름로 232 (어진동) A138~139호,044-868-7960
세종새롬점,세종특별자치시,새롬중앙로,세종특별자치시 새롬중앙로 62-15 (새롬동) 134~135호,044-865-6079
